Bremen;Stadt;Hansestadt;Weser;Bremer
Bremer-Schwaben;Tradition;Kartoffel;Bratwurst;Essen
Bremerhaven;Hafen;Stadt;Bremen;Schiffe
Universum-der-Wassertrinker;Kneipe;Weserstrand;Bremen;Bier
Beckers-Best;Kneipe;Bremen;Weser;Tradition
Schnoor;Viertel;Bremen;Altstadt;Gassen
Marktstraße;Bremen;Shopping;Einkaufen;Fußgängerzone
Rathaus-Bremen;Rathaus;UNESCO;Marktplatz;Roland
Roland-Ritter;Bremen;Statue;Marktplatz;Rathaus
Dom-Bremen;Kirche;Bremen;Gotik;Bleikrug
Böttcherstraße;Bremen;Architektur;Expressionismus;Kunst
Paula-Becker-Modersohn;Bremenin;Malerin;Kunst;Worpswede
Gerhard-Rohlfs;Bremen;Entdecker;Afrika;Reisender
Bremische-Bürgerschaft;Parlament;Bremen;Demokratie;Abgeordnete
Bremer-Hafen;Container;Schiffe;Export;Import
Überseehäfen;Bremen;Hafen;Schiffe;Logistik
Weserstadion;Bremen;Fußball;SV-Werder;Sport
SV-Werder-Bremen;Fußball;Weserstadion;Bundesliga;Grün-weiß
Kunsthalle-Bremen;Museum;Kunst;Bremen;Sammlung
Focke-Museum;Bremen;Geschichte;Museum;Luftfahrt