Demokratie;verboten1;verboten2;verboten3;verboten4
Wahl;verboten1;verboten2;verboten3;verboten4
Parlament;verboten1;verboten2;verboten3;verboten4
Regierung;verboten1;verboten2;verboten3;verboten4
Opposition;verboten1;verboten2;verboten3;verboten4
Verfassung;verboten1;verboten2;verboten3;verboten4
Gesetz;verboten1;verboten2;verboten3;verboten4
Recht;verboten1;verboten2;verboten3;verboten4
Staat;verboten1;verboten2;verboten3;verboten4
BÃ¼rger;verboten1;verboten2;verboten3;verboten4
Gesellschaft;verboten1;verboten2;verboten3;verboten4
Meinung;verboten1;verboten2;verboten3;verboten4
Medien;verboten1;verboten2;verboten3;verboten4
Presse;verboten1;verboten2;verboten3;verboten4
Freiheit;verboten1;verboten2;verboten3;verboten4
Gleichheit;verboten1;verboten2;verboten3;verboten4
Gerechtigkeit;verboten1;verboten2;verboten3;verboten4
Steuern;verboten1;verboten2;verboten3;verboten4
Sozialstaat;verboten1;verboten2;verboten3;verboten4
Bildung;verboten1;verboten2;verboten3;verboten4
Gesundheit;verboten1;verboten2;verboten3;verboten4
Migration;verboten1;verboten2;verboten3;verboten4
Integration;verboten1;verboten2;verboten3;verboten4
Umwelt;verboten1;verboten2;verboten3;verboten4
Klimaschutz;verboten1;verboten2;verboten3;verboten4
Wirtschaft;verboten1;verboten2;verboten3;verboten4
Arbeitsmarkt;verboten1;verboten2;verboten3;verboten4
Globalisierung;verboten1;verboten2;verboten3;verboten4
Diplomatie;verboten1;verboten2;verboten3;verboten4
Konflikt;verboten1;verboten2;verboten3;verboten4
Frieden;verboten1;verboten2;verboten3;verboten4
Sicherheit;verboten1;verboten2;verboten3;verboten4
Protest;verboten1;verboten2;verboten3;verboten4
Demonstration;verboten1;verboten2;verboten3;verboten4
Lobby;verboten1;verboten2;verboten3;verboten4
Transparenz;verboten1;verboten2;verboten3;verboten4
Korruption;verboten1;verboten2;verboten3;verboten4
Ethik;verboten1;verboten2;verboten3;verboten4
